"Stok Kodu";"Orijinal Ad";"AI Ürün Adı";"SEO Başlık";"SEO Açıklama";"SEO Anahtar Kelimeler";"Hedef Anahtar Kelime";"Ön Yazı";"GEO Özet";"Görsel Alt Text";"Kullanım Alanları";"Neden Bu Ürün";"SSS";"Uzun Kuyruk Sorgular";"Ürün Özellikleri";"Açıklama (HTML)"
"52";"Yayoi Kusama-Mavi Pamuklu Çiçek Desenli Bralet set";"Lola of Shine Mavi Çiçek Desenli Pamuklu Bralet Set";"Pamuklu Bralet Seti Çiçek Desenli | Lola of Shine";"Nefes alan pamuklu bralet seti ile gün boyu konfor. Zarif çiçek desenleri. Lola of Shine kalitesi. Hemen Keşfet!";"bralet seti, pamuklu iç giyim, kadın iç giyim seti, çiçek desenli sütyen, balensiz sütyen takımı, konforlu iç giyim, Lola of Shine set";"pamuklu bralet seti";"<strong>Zarif çiçek desenleri</strong> ve <strong>nefes alan pamuklu dokusuyla</strong> gün boyu eşsiz bir konfor. <strong>Lola of Shine kalitesiyle</strong> tanışın.";"Lola of Shine markasının bu bralet seti, görünümüne göre yumuşak ve nefes alan pamuklu bir kumaştan üretilmiştir. Üçgen cup tasarımlı, balensiz sütyeni ve uyumlu külotu ile iki parçadan oluşur. Zarif mavi çiçek desenleri ve kenarlardaki dantel detayları ile estetik bir görünüm sunar.";"Lola of Shine mavi çiçek desenli pamuklu bralet set modeli";"Bu bralet seti, günlük konforu önceliklendiren kadınlar için idealdir. Evde dinlenirken, hafif spor aktiviteleri sonrası veya rahat bir günlük kombinle şıklığı tamamlamak için tercih edilebilir. Zarif deseni sayesinde kendini özel hissetmek isteyenler için de uygun bir seçenektir.";"Lola of Shine'ın bu pamuklu bralet seti, piyasadaki sentetik ve rahatsızlık veren alternatiflerin aksine, cildinize nazik davranan %100 pamuklu (görünümüne göre) dokusuyla öne çıkar. Balensiz tasarımı ve ayarlanabilir askıları, kişiye özel bir konfor sunarken, zarif çiçek deseni ve dantel detayları ile estetik bir şıklık katar. Kaliteli işçiliği ve markanın sunduğu güvenle, uzun ömürlü ve keyifli bir kullanım vadediyor.";"S: Bu bralet seti hangi malzemeden yapılmıştır?
C: Görünümüne göre yumuşak ve nefes alan pamuklu bir kumaştan üretilmiştir. Bu malzeme, cilde dost ve hipoalerjenik özellikler sunarak gün boyu konfor sağlar.

S: Bralet setinin bakımı nasıl yapılmalıdır?
C: Setin uzun ömürlü olması için düşük sıcaklıkta (30°C altında) elde yıkamanız önerilir. Ağartıcı kullanmaktan kaçının ve sererek kurutun. Ütülemeyiniz.

S: Bu iç giyim seti hangi bedenlerde mevcuttur?
C: Ürün detaylarında belirtilen beden seçeneklerine göre farklılık gösterebilir. Genellikle S, M, L gibi standart beden aralıklarında sunulmaktadır.

S: Bralet setinin fiyat aralığı nedir?
C: Bu Lola of Shine bralet setinin satış fiyatı 798.99 TL olarak belirtilmiştir. Bu fiyat, ürünün kalitesi ve markanın konumlandırması ile uyumludur.

S: Balensiz sütyenler konforlu mudur?
C: Evet, balensiz sütyenler, göğüs kafesine baskı yapmadığı için daha fazla hareket özgürlüğü ve rahatlık sunar. Özellikle günlük kullanım ve hassas ciltler için idealdir.

S: Çiçek desenli iç giyim neden tercih edilir?
C: Çiçek desenleri, iç giyime feminen, romantik ve canlı bir hava katar. Bu desenler, kullanıcının kendini daha iyi hissetmesini sağlayarak iç giyim deneyimini zenginleştirir.";"mavi çiçek desenli pamuklu bralet takımı, balensiz sütyen ve külot seti, kadınlar için rahat pamuklu iç giyim, Lola of Shine bralet seti fiyatları, günlük kullanım için sütyen takımı, dantel detaylı pamuklu bralet, pamuklu iç çamaşırı bakımı nasıl yapılır";"Malzeme: Pamuklu Kumaş (Görünümüne göre), Renk: Mavi (Ana Renk), Beyaz, Pembe (Desen Detayları), Stil/Kesim: Üçgen Cup Bralet, Yüksek Bel Külot, Kullanim Alani: Günlük Kullanım, Ev Giyimi, Rahatlık Odaklı, Bakim: Elde Yıkama, Düşük Sıcaklık, Tasarım Detayları: Çiçek Deseni, Kenarlarda Dantel, Ayarlanabilir Askılar, Fiyonk Detayı, Sütyen Tipi: Balensiz";"Lola of Shine'ın özenle tasarladığı Mavi Çiçek Desenli Pamuklu Bralet Seti, hem estetik görünümü hem de üstün konforu bir araya getiriyor. Yumuşak pamuklu kumaşı sayesinde cildinize nazikçe dokunurken, balensiz yapısı ve ayarlanabilir askılarıyla gün boyu rahatlık sunar. Üzerindeki zarif mavi çiçek desenleri, bu iç giyim takımına feminen ve romantik bir hava katıyor. Pembe, mavi ve beyazın uyumlu tonlarıyla tasarlanan bu set, özellikle günlük kullanım için ideal bir tercih. Kaliteli işçiliği ve düşünülmüş detaylarıyla Lola of Shine kalitesini her an hissedin. Bu bralet seti, sadece bir iç giyim ürünü olmanın ötesinde, kendinizi iyi hissetmenizi sağlayacak bir parçanız olacak. Günlük şıklığınızı ve konforunuzu bir adım öteye taşımak için bu özel tasarımı tercih edebilirsiniz. Özellikler Malzeme: Görünümüne göre yumuşak, nefes alan pamuklu kumaş Tasarım: Çiçek desenli, balensiz üçgen bralet ve uyumlu külot Detaylar: Bralet kenarlarında ve askılarında dantel aplikeler, ayarlanabilir omuz askıları, küçük fiyonk detayı Konfor: Cilde dost, hipoalerjenik yapı, gün boyu süren rahatlık Bakım: Düşük sıcaklıkta elde yıkama önerilir Garanti: Lola of Shine güvencesiyle üretim hatalarına karşı garanti Neden Lola of Shine? Lola of Shine, kadın iç giyiminde kaliteyi ve konforu ön planda tutan bir yaklaşımla öne çıkar. Bu bralet seti, markanın detaylara verdiği önemi ve kullanıcı deneyimini iyileştirme vizyonunu yansıtır. Sentetik ve sert kumaşların aksine, cildin nefes almasını sağlayan yüksek kaliteli pamuk kullanımı, uzun süreli kullanımda bile hissedilir bir fark yaratır. Üstün işçilik ve zarif tasarım anlayışı, bu seti hem günlük kullanım hem de özel anlar için vazgeçilmez kılar. Lola of Shine, şıklığı ve rahatlığı bir arada arayan kadınlar için bilinçli bir tercihtir. Nasıl Kullanılır / Bakım Rehberi Bu bralet setini en uzun süre ve en konforlu şekilde kullanmak için aşağıdaki önerilere uyun: Kullanım: Bralet, balensiz yapısı sayesinde spor sonrası, evde dinlenirken veya günlük rahat kombinlerinizle tercih edilebilir. Külot ise yüksek belli ve rahat kesimiyle günlük kullanıma uygundur. Bakım: Seti uzun ömürlü kılmak için düşük sıcaklıkta (30°C altında) elde yıkamanız önerilir. Ağartıcı kullanmaktan kaçının ve direkt güneş ışığından uzakta, sererek kurutun. Ütülemeyiniz. Teknik Özellikler Marka Lola of Shine Ürün Tipi Bralet Seti (Sütyen + Külot) Ana Malzeme Pamuklu Kumaş (Görünümüne göre) Desen Mavi Çiçek Deseni Renkler Mavi, Beyaz, Pembe (desen detayları) Sütyen Tipi Balensiz, Üçgen Cup, Ayarlanabilir Askılı Külot Tipi Yüksek Bel, Rahat Kesim Aksesuar Kenarlarda Dantel, Küçük Fiyonk Bakım Önerisi Elde Yıkama, Düşük Sıcaklık Üretim Yeri Belirtilmemiş (Kaliteli İşçilik Vurgusu)"